{
  "binary": {
    "auc": 0.7732926854570052,
    "brier": 0.16778494573444216,
    "accuracy": 0.6816049589545987,
    "f1": 0.5788832262353202,
    "balanced_accuracy": 0.7049514734427387,
    "best_threshold": 0.32,
    "positive_rate_train": 0.3562924808082528,
    "positive_rate_test": 0.2879460546155135
  },
  "three_class": {
    "accuracy": 0.5540710336739822,
    "balanced_accuracy": 0.5434045279635117,
    "f1_macro": 0.5268943223823789,
    "log_loss": 0.9069545639651316,
    "auc_one_vs_rest": {
      "DOWN": 0.8077420839600893,
      "FLAT": 0.6382234900642887,
      "UP": 0.7717197415763621
    },
    "class_balance_train": {
      "down": 0.3358283787171446,
      "flat": 0.3102535722900969,
      "up": 0.35391804899275847
    },
    "confusion_matrix": [
      [
        6836,
        1147,
        1378
      ],
      [
        2654,
        2130,
        2876
      ],
      [
        1477,
        1115,
        4263
      ]
    ]
  }
}