{
  "Naive": {
    "test_mae_log": 0.2080016072748253,
    "test_r2": -0.0024191344881492327
  },
  "AutoETS": {
    "test_mae_log": 0.23613023790566762,
    "test_r2": -0.19783446366657165
  },
  "AutoTheta": {
    "test_mae_log": 0.2740043418529882,
    "test_r2": -0.2980796899295639
  }
}